address,name,account_type,entity,labels,tags
0x05f51aab068caa6ab7eeb672f88c180f67f17ec7,ABCC,eoa,exchange,1,
0x2ddd202174a72514ed522e77972b461b03155525,Alcumex Exchange,eoa,exchange,1,
0xaecbe94703df39b49ac440feb177c7f1f782c064,APROBIT,eoa,exchange,1,
0xf0c80fb9fb22bef8269cb6feb9a51130288a671f,Artis Turba Exchange 1,eoa,exchange,1,
0x94597850916a49b3b152ee374e97260b99249f5b,Artis Turba Exchange 2,eoa,exchange,1,
0x82a403c14483931b2ff6e4440c8373ccfee698b8,ArzPaya.com,eoa,exchange,1,
0x03bdf69b1322d623836afbd27679a1c0afa067e9,AscendEX 1,eoa,exchange,1,
0x4b1a99467a284cc690e3237bc69105956816f762,AscendEX 2,eoa,exchange,1,
0x986a2fca9eda0e06fbf7839b89bfc006ee2a23dd,AscendEX 3,eoa,exchange,1,
0x4df5f3610e2471095a130d7d934d551f3dde01ed,ATAIX,eoa,exchange,1,
0x92dbd8e0a46edd62aa42d1f7902d0e496bddc15a,Azbit,eoa,exchange,1,
0xadb72986ead16bdbc99208086bd431c1aa38938e,Beaxy,eoa,exchange,1,
0x258b7b9a1ba92f47f5f4f5e733293477620a82cb,Beldex,eoa,exchange,1,
0x7a10ec7d68a048bdae36a70e93532d31423170fa,Bgogo 1,eoa,exchange,1,
0xce1bf8e51f8b39e51c6184e059786d1c0eaf360f,Bgogo 2,eoa,exchange,1,
0xf73c3c65bde10bf26c2e1763104e609a41702efe,Bibox,eoa,exchange,1,
0x0bb5de248dbbd31ee6c402c3c4a70293024acf74,Bidesk 2,eoa,exchange,1,
0xed5cdb0d02152046e6f234ad578613831b9184d4,Bidesk 3,eoa,exchange,1,
0xa30d8157911ef23c46c0eb71889efe6a648a41f7,BigONE,eoa,exchange,1,
0x6eff3372fa352b239bb24ff91b423a572347000d,BIKI.com,eoa,exchange,1,
0xf7793d27a1b76cdf14db7c83e82c772cf7c92910,Bilaxy 1,eoa,exchange,1,
0xcce8d59affdd93be338fc77fa0a298c2cb65da59,Bilaxy 2,eoa,exchange,1,
0x3f5ce5fbfe3e9af3971dd833d26ba9b5c936f0be,Binance,eoa,exchange,1,
0x85b931a32a0725be14285b66f1a22178c672d69b,Binance 10,eoa,exchange,1,
0x708396f17127c42383e3b9014072679b2f60b82f,Binance 11,eoa,exchange,1,
0xe0f0cfde7ee664943906f17f7f14342e76a5cec7,Binance 12,eoa,exchange,1,
0x8f22f2063d253846b53609231ed80fa571bc0c8f,Binance 13,eoa,exchange,1,
0x28c6c06298d514db089934071355e5743bf21d60,Binance 14,eoa,exchange,1,
0x21a31ee1afc51d94c2efccaa2092ad1028285549,Binance 15,eoa,exchange,1,
0xdfd5293d8e347dfe59e90efd55b2956a1343963d,Binance 16,eoa,exchange,1,
0x56eddb7aa87536c09ccc2793473599fd21a8b17f,Binance 17,eoa,exchange,1,
0x9696f59e4d72e237be84ffd425dcad154bf96976,Binance 18,eoa,exchange,1,
0xd551234ae421e3bcba99a0da6d736074f22192ff,Binance 2,eoa,exchange,1,
0x4976a4a02f38326660d17bf34b431dc6e2eb2327,Binance 20,eoa,exchange,1,
0x564286362092d8e7936f0549571a803b203aaced,Binance 3,eoa,exchange,1,
0x0681d8db095565fe8a346fa0277bffde9c0edbbf,Binance 4,eoa,exchange,1,
0xfe9e8709d3215310075d67e3ed32a380ccf451c8,Binance 5,eoa,exchange,1,
0x4e9ce36e442e55ecd9025b9a6e0d88485d628a67,Binance 6,eoa,exchange,1,
0xbe0eb53f46cd790cd13851d5eff43d12404d33e8,Binance 7,eoa,exchange,1,
0xf977814e90da44bfa03b6295a0616a897441acec,Binance 8,eoa,exchange,1,
0x001866ae5b3de6caa5a51543fd9fb64f524f5478,Binance 9,eoa,exchange,1,
0xab83d182f3485cf1d6ccdd34c7cfef95b4c08da4,Binance JEX,eoa,exchange,1,
0x4b729cf402cfcffd057e254924b32241aedc1795,Bit-Z,eoa,exchange,1,
0x7c49e1c0e33f3efb57d64b7690fa287c8d15b90a,Bit2C,eoa,exchange,1,
0x2b49ce21ad2004cfb3d0b51b2e8ec0406d632513,Bitbee,eoa,exchange,1,
0x5d375281582791a38e0348915fa9cbc6139e9c2a,BitBlinx,eoa,exchange,1,
0x7a91a362d4f2c9c4627688d5b7090bbb12e5715f,Bitci,eoa,exchange,1,
0x28ebe764b8f9a853509840645216d3c2c0fd774b,BiteBTC,eoa,exchange,1,
0x7217d64f77041ce320c356d1a2185bcb89798a0a,Bitexlive,eoa,exchange,1,
0x57a47cfe647306a406118b6cf36459a1756823d0,Bitexlive 2,eoa,exchange,1,
0x1151314c646ce4e0efd76d1af4760ae66a9fe30f,Bitfinex 1,eoa,exchange,1,
0x742d35cc6634c0532925a3b844bc454e4438f44e,Bitfinex 2,eoa,exchange,1,
0x876eabf441b2ee5b5b0554fd502a8e0600950cfa,Bitfinex 3,eoa,exchange,1,
0xab7c74abc0c4d48d1bdad5dcb26153fc8780f83e,Bitfinex: MultiSig 1,eoa,exchange,1,
0xc6cde7c39eb2f0f0095f41570af89efc2c1ea828,Bitfinex: MultiSig 2,eoa,exchange,1,
0xc61b9bb3a7a0767e3179713f3a5c7a9aedce193c,Bitfinex: MultiSig 3,eoa,exchange,1,
0xdf5021a4c1401f1125cd347e394d977630e17cf7,BITFRONT,eoa,exchange,1,
0x88d34944cf554e9cccf4a24292d891f620e9c94f,Bithumb 1,eoa,exchange,1,
0x186549a4ae594fc1f70ba4cffdac714b405be3f9,Bithumb 10,eoa,exchange,1,
0xd273bd546b11bd60214a2f9d71f22a088aafe31b,Bithumb 11,eoa,exchange,1,
0x3052cd6bf951449a984fe4b5a38b46aef9455c8e,Bithumb 2,eoa,exchange,1,
0x2140efd7ba31169c69dfff6cdc66c542f0211825,Bithumb 3,eoa,exchange,1,
0xa0ff1e0f30b5dda2dc01e7e828290bc72b71e57d,Bithumb 4,eoa,exchange,1,
0xc1da8f69e4881efe341600620268934ef01a3e63,Bithumb 5,eoa,exchange,1,
0xb4460b75254ce0563bb68ec219208344c7ea838c,Bithumb 6,eoa,exchange,1,
0x15878e87c685f866edfaf454be6dc06fa517b35b,Bithumb 7,eoa,exchange,1,
0x31d03f07178bcd74f9099afebd23b0ae30184ab5,Bithumb 8,eoa,exchange,1,
0xed48dc0628789c2956b1e41726d062a86ec45bff,Bithumb 9,eoa,exchange,1,
0x3fbe1f8fc5ddb27d428aa60f661eaaab0d2000ce,Bithumb: Contract 1,eoa,exchange,1,
0xe79eef9b9388a4ff70ed7ec5bccd5b928ebb8bd1,BitMart,eoa,exchange,1,
0x68b22215ff74e3606bd5e6c1de8c2d68180c85f7,BitMart 2,eoa,exchange,1,
0x00bdb5699745f5b860228c8f939abf1b9ae374ed,Bitstamp 1,eoa,exchange,1,
0x1522900b6dafac587d499a862861c0869be6e428,Bitstamp 2,eoa,exchange,1,
0x9a9bed3eb03e386d66f8a29dc67dc29bbb1ccb72,Bitstamp 3,eoa,exchange,1,
0x059799f2261d37b829c2850cee67b5b975432271,Bitstamp 4,eoa,exchange,1,
0x4c766def136f59f6494f0969b1355882080cf8e0,Bitstamp 5,eoa,exchange,1,
0xc5b611f502a0dcf6c3188fd494061ae29b2baa4f,Bitstamp 6,eoa,exchange,1,
0x1b8a38ea02ceda9440e00c1aeba26ee2dc570423,BITStorage,eoa,exchange,1,
0xfbb1b73c4f0bda4f67dca266ce6ef42f520fbb98,Bittrex,eoa,exchange,1,
0xe94b04a0fed112f3664e45adb2b8915693dd5ff3,Bittrex 2,eoa,exchange,1,
0x66f820a414680b5bcda5eeca5dea238543f42054,Bittrex 3,eoa,exchange,1,
0xaa90b4aae74cee41e004bc45e45a427406c4dcae,BitUN.io 1,eoa,exchange,1,
0xf8d04a720520d0bcbc722b1d21ca194aa22699f2,BitUN.io 2,eoa,exchange,1,
0xfb9f7f41319157ac5c5dccae308a63a4337ad5d9,Bity.com,eoa,exchange,1,
0x00cdc153aa8894d08207719fe921fff964f28ba3,Bitzlato,eoa,exchange,1,
0x007174732705604bbbf77038332dc52fd5a5000c,BlockTrades Exchange,eoa,exchange,1,
0xdf8752caa319668006580ddf48db25a23728b926,Bololex.com,eoa,exchange,1,
0x1c00d840ccaa67c494109f46e55cfeb2d8562f5c,BTC-Alpha Exchange,eoa,exchange,1,
0x73957709695e73fd175582105c44743cf0fb6f2f,Bw.com,eoa,exchange,1,
0xd7c866d0d536937bf9123e02f7c052446588189f,C2CX: Hot Wallet,eoa,exchange,1,
0x88988d6ef12d7084e34814b9edafa01ae0d05082,CamboChanger 2,eoa,exchange,1,
0x72bcfa6932feacd91cb2ea44b0731ed8ae04d0d3,Cashierest,eoa,exchange,1,
0x7a56f645dcb513d0326cbaa048e9106ff6d4cd5f,Catex Exchange,eoa,exchange,1,
0xfd648cc72f1b4e71cbdda7a0a91fe34d32abd656,ChainX,eoa,exchange,1,
0x96fc4553a00c117c5b0bed950dd625d1c16dc894,Changelly,eoa,exchange,1,
0x8958618332df62af93053cb9c535e26462c959b0,Cobinhood 1,eoa,exchange,1,
0xb726da4fbdc3e4dbda97bb20998cf899b0e727e0,Cobinhood 2,eoa,exchange,1,
0x9539e0b14021a43cde41d9d45dc34969be9c7cb0,Coinbene,eoa,exchange,1,
0x33683b94334eebc9bd3ea85ddbda4a86fb461405,Coinbene: Cold Wallet,eoa,exchange,1,
0xb6ba1931e4e74fd080587688f6db10e830f810d5,Coindelta,eoa,exchange,1,
0xb9ee1e551f538a464e8f8c41e9904498505b49b0,Coinex,eoa,exchange,1,
0x4b01721f0244e7c5b5f63c20942850e447f5a5ee,CoinExchange.io,eoa,exchange,1,
0xd4bddf5e3d0435d7a6214a0b949c7bb58621f37c,Coinhako,eoa,exchange,1,
0xf2d4766ad705e3a5c9ba5b0436b473085f82f82f,Coinhako: Warm Wallet,eoa,exchange,1,
0xa270f3ad1a7a82e6a3157f12a900f1e25bc4fbfd,CoinMetro Exchange,eoa,exchange,1,
0x167a9333bf582556f35bd4d16a7e80e191aa6476,Coinone,eoa,exchange,1,
0x1e2fcfd26d36183f1a5d90f0e6296915b02bcb40,Coinone 2,eoa,exchange,1,
0xd0808da05cc71a9f308d330bc9c5c81bbc26fc59,Coinswitch,eoa,exchange,1,
0x8705ccfd8a6df3785217c307cbebf9b793310b94,CoinW,eoa,exchange,1,
0xcb243bf48fb443082fae7db47ec96cb120cd6801,CoinW 2,eoa,exchange,1,
0x429bf8ec3330e02401d72beade86000d9a2e19eb,CoinW 3,eoa,exchange,1,
0x6f31d347457962c9811ff953742870ef5a755de3,CoinW 4,eoa,exchange,1,
0x0d6b5a54f940bf3d52e438cab785981aaefdf40c,COSS.io 1,eoa,exchange,1,
0xd1560b3984b7481cd9a8f40435a53c860187174d,COSS.io: Old Warm Wallet,eoa,exchange,1,
0x43f07efe28e092a0fe4ec5b5662022b461ffac80,COSS.io: Warm Wallet,eoa,exchange,1,
0x521db06bf657ed1d6c98553a70319a8ddbac75a3,CREX24,eoa,exchange,1,
0x6262998ced04146fa42253a5c0af90ca02dfd2a3,Crypto.com,eoa,exchange,1,
0x46340b20830761efd32832a74d7169b29feb9758,Crypto.com 2,eoa,exchange,1,
0x5baeac0a0417a05733884852aa068b706967e790,Cryptopia 1,eoa,exchange,1,
0x2984581ece53a4390d1f568673cf693139c97049,Cryptopia 2,eoa,exchange,1,
0xe17ee7b3c676701c66b395a35f0df4c2276a344e,DigiFinex,eoa,exchange,1,
0x2101e480e22c953b37b9d0fe6551c1354fe705e6,DMEX,eoa,exchange,1,
0xf1c525a488a848b58b95d79da48c21ce434290f7,Eidoo,eoa,exchange,1,
0x608f94df1c1d89ea13e5984d7bf107df137a6541,Eigen Fx,eoa,exchange,1,
0xeb9ebf2c624ebee42e0853da6443ddc6c8020de7,Eigen Fx 2,eoa,exchange,1,
0x8d76166c22658a144c0211d87abf152e6a2d9d95,Eterbase,eoa,exchange,1,
0xd3808c5d48903be1490989f3fce2a2b3890e8eb6,Exchange A,eoa,exchange,1,
0x1fd6267f0d86f62d88172b998390afee2a1f54b6,Exmo 1,eoa,exchange,1,
0xd7b9a9b2f665849c4071ad5af77d8c76aa30fb32,Exmo 2,eoa,exchange,1,
0x94fe3ad91dacba8ec4b82f56ff7c122181f1535d,Faa.st,eoa,exchange,1,
0x915d7915f2b469bb654a7d903a5d4417cb8ea7df,FCoin,eoa,exchange,1,
0x4e5b2e1dc63f6b91cb6cd759936495434c7e972f,FixedFloat,eoa,exchange,1,
0x14301566b9669b672878d86ff0b1d18dd58054e9,Flata.Exchange,eoa,exchange,1,
0x91e18ee76483fa2ec5cfe2959df46673c2565be0,Flybit,eoa,exchange,1,
0x0021845f4c2604c58f9ba5b7bff58d16a2ab372c,Folgory Exchange,eoa,exchange,1,
0x2faf487a4414fe77e2327f0bf4ae2a264a776ad2,FTX Exchange,eoa,exchange,1,
0xc098b2a3aa256d2140208c3de6543aaef5cd3a94,FTX Exchange 2,eoa,exchange,1,
0x0d0707963952f2fba59dd06f2b425ace40b492fe,Gate.io,eoa,exchange,1,
0x7793cd85c11a924478d358d49b05b37e91b5810f,Gate.io 2,eoa,exchange,1,
0x1c4b70a3968436b9a0a9cf5205c787eb81bb558c,Gate.io 3,eoa,exchange,1,
0xd793281182a0e3e023116004778f45c29fc14f19,Gate.io: Contract,eoa,exchange,1,
0x9f5ca0012b9b72e8f3db57092a6f26bf4f13dc69,GBX,eoa,exchange,1,
0xd24400ae8bfebb18ca49be86258a3c749cf46853,Gemini,eoa,exchange,1,
0x6fc82a5fe25a5cdb58bc74600a40a69c065263f8,Gemini 2,eoa,exchange,1,
0x61edcdf5bb737adffe5043706e7c5bb1f1a56eea,Gemini 3,eoa,exchange,1,
0x07ee55aa48bb72dcc6e9d78256648910de513eca,Gemini: Contract 1,eoa,exchange,1,
0x9fb01a2584aac5aae3fab1ed25f86c5269b32999,GGBTC.com,eoa,exchange,1,
0x9c67e141c0472115aa1b98bd0088418be68fd249,HitBTC 1,eoa,exchange,1,
0x59a5208b32e627891c389ebafc644145224006e8,HitBTC 2,eoa,exchange,1,
0xa12431d0b9db640034b0cdfceef9cce161e62be4,HitBTC 3,eoa,exchange,1,
0x980a4732c8855ffc8112e6746bd62095b4c2228f,Hoo.com,eoa,exchange,1,
0xd0ec209ad2134899148bec8aef905a6e9997456a,Hoo.com 2,eoa,exchange,1,
0x993b7fcba51d8f75c2dfaec0d17b6649ee0c9068,Hoo.com 3,eoa,exchange,1,
0xec293b9c56f06c8f71392269313d7e2da681d9ac,Hoo.com 4,eoa,exchange,1,
0x0093e5f2a850268c0ca3093c7ea53731296487eb,Hoo.com 5,eoa,exchange,1,
0x008932be50098089c6a075d35f4b5182ee549f8a,Hoo.com 6,eoa,exchange,1,
0x274f3c32c90517975e29dfc209a23f315c1e5fc7,Hotbit,eoa,exchange,1,
0x8533a0bd9310eb63e7cc8e1116c18a3d67b1976a,Hotbit 2,eoa,exchange,1,
0x562680a4dc50ed2f14d75bf31f494cfe0b8d10a1,Hotbit 3,eoa,exchange,1,
0xab5c66752a9e8167967685f1450532fb96d5d24f,Huobi 1,eoa,exchange,1,
0xe93381fb4c4f14bda253907b18fad305d799241a,Huobi 10,eoa,exchange,1,
0xfa4b5be3f2f84f56703c42eb22142744e95a2c58,Huobi 11,eoa,exchange,1,
0x46705dfff24256421a05d056c29e81bdc09723b8,Huobi 12,eoa,exchange,1,
0x32598293906b5b17c27d657db3ad2c9b3f3e4265,Huobi 13,eoa,exchange,1,
0x5861b8446a2f6e19a067874c133f04c578928727,Huobi 14,eoa,exchange,1,
0x926fc576b7facf6ae2d08ee2d4734c134a743988,Huobi 15,eoa,exchange,1,
0xeec606a66edb6f497662ea31b5eb1610da87ab5f,Huobi 16,eoa,exchange,1,
0x7ef35bb398e0416b81b019fea395219b65c52164,Huobi 17,eoa,exchange,1,
0x229b5c097f9b35009ca1321ad2034d4b3d5070f6,Huobi 18,eoa,exchange,1,
0xd8a83b72377476d0a66683cde20a8aad0b628713,Huobi 19,eoa,exchange,1,
0x6748f50f686bfbca6fe8ad62b22228b87f31ff2b,Huobi 2,eoa,exchange,1,
0x90e9ddd9d8d5ae4e3763d0cf856c97594dea7325,Huobi 20,eoa,exchange,1,
0x18916e1a2933cb349145a280473a5de8eb6630cb,Huobi 21,eoa,exchange,1,
0x6f48a3e70f0251d1e83a989e62aaa2281a6d5380,Huobi 22,eoa,exchange,1,
0xf056f435ba0cc4fcd2f1b17e3766549ffc404b94,Huobi 23,eoa,exchange,1,
0x137ad9c4777e1d36e4b605e745e8f37b2b62e9c5,Huobi 24,eoa,exchange,1,
0x5401dbf7da53e1c9dbf484e3d69505815f2f5e6e,Huobi 25,eoa,exchange,1,
0x034f854b44d28e26386c1bc37ff9b20c6380b00d,Huobi 26,eoa,exchange,1,
0x0577a79cfc63bbc0df38833ff4c4a3bf2095b404,Huobi 27,eoa,exchange,1,
0x0c6c34cdd915845376fb5407e0895196c9dd4eec,Huobi 28,eoa,exchange,1,
0x794d28ac31bcb136294761a556b68d2634094153,Huobi 29,eoa,exchange,1,
0xfdb16996831753d5331ff813c29a93c76834a0ad,Huobi 3,eoa,exchange,1,
0xfd54078badd5653571726c3370afb127351a6f26,Huobi 30,eoa,exchange,1,
0xb4cd0386d2db86f30c1a11c2b8c4f4185c1dade9,Huobi 31,eoa,exchange,1,
0x4d77a1144dc74f26838b69391a6d3b1e403d0990,Huobi 32,eoa,exchange,1,
0x28ffe35688ffffd0659aee2e34778b0ae4e193ad,Huobi 33,eoa,exchange,1,
0xcac725bef4f114f728cbcfd744a731c2a463c3fc,Huobi 34,eoa,exchange,1,
0x73f8fc2e74302eb2efda125a326655acf0dc2d1b,Huobi 35,eoa,exchange,1,
0x0a98fb70939162725ae66e626fe4b52cff62c2e5,Huobi 36,eoa,exchange,1,
0xf66852bc122fd40bfecc63cd48217e88bda12109,Huobi 37,eoa,exchange,1,
0xeee28d484628d41a82d01e21d12e2e78d69920da,Huobi 4,eoa,exchange,1,
0x5c985e89dde482efe97ea9f1950ad149eb73829b,Huobi 5,eoa,exchange,1,
0xdc76cd25977e0a5ae17155770273ad58648900d3,Huobi 6,eoa,exchange,1,
0xadb2b42f6bd96f5c65920b9ac88619dce4166f94,Huobi 7,eoa,exchange,1,
0xa8660c8ffd6d578f657b72c0c811284aef0b735e,Huobi 8,eoa,exchange,1,
0x1062a747393198f70f71ec65a582423dba7e5ab3,Huobi 9,eoa,exchange,1,
0x3c11c3025ce387d76c2eddf1493ec55a8cc2a0f7,Idax.global,eoa,exchange,1,
0x51836a753e344257b361519e948ffcaf5fb8d521,Indodax 1,eoa,exchange,1,
0x9cbadd5ce7e14742f70414a6dcbd4e7bb8712719,Indodax 2,eoa,exchange,1,
0xb1a34309af7f29b4195a6b589737f86e14597ddc,IndoEx LTD,eoa,exchange,1,
0x352bdabe484499e4c25c3536cc3eda1edbc5ad29,KickEX,eoa,exchange,1,
0x2910543af39aba0cd09dbb2d50200b3e800a63d2,Kraken,eoa,exchange,1,
0x0a869d79a7052c7f1b55a8ebabbea3420f0d1e13,Kraken 2,eoa,exchange,1,
0xe853c56864a2ebe4576a807d26fdc4a0ada51919,Kraken 3,eoa,exchange,1,
0x267be1c1d684f78cb4f6a176c4911b741e4ffdc0,Kraken 4,eoa,exchange,1,
0xfa52274dd61e1643d2205169732f29114bc240b3,Kraken 5,eoa,exchange,1,
0x89e51fa8ca5d66cd220baed62ed01e8951aa7c40,Kraken 7,eoa,exchange,1,
0xe8a0e282e6a3e8023465accd47fae39dd5db010b,Kryptono 1,eoa,exchange,1,
0x629a7144235259336ea2694167f3c8b856edd7dc,Kryptono 2,eoa,exchange,1,
0x30b71d015f60e2f959743038ce0aaec9b4c1ea44,Kryptono 3,eoa,exchange,1,
0x2b5634c42055806a59e9107ed44d43c426e58258,KuCoin,eoa,exchange,1,
0x689c56aef474df92d44a1b70850f808488f9769c,KuCoin 2,eoa,exchange,1,
0xa1d8d972560c2f8144af871db508f0b0b10a3fbf,KuCoin 3,eoa,exchange,1,
0x4ad64983349c49defe8d7a4686202d24b25d0ce8,KuCoin 4,eoa,exchange,1,
0x1692e170361cefd1eb7240ec13d048fd9af6d667,KuCoin 5,eoa,exchange,1,
0xd6216fc19db775df9774a6e33526131da7d19a2c,KuCoin 6,eoa,exchange,1,
0xea81ce54a0afa10a027f65503bd52fba83d745b8,Kuna.io,eoa,exchange,1,
0x0861fca546225fbf8806986d211c8398f7457734,LAToken,eoa,exchange,1,
0x7891b20c690605f4e370d6944c8a5dbfac5a451c,LAToken 2,eoa,exchange,1,
0x1b6c1a0e20af81b922cb454c3e52408496ee7201,LAToken 3,eoa,exchange,1,
0x8271b2e8cbe29396e9563229030c89679b9470db,Liqui.io 1,eoa,exchange,1,
0x5e575279bf9f4acf0a130c186861454247394c06,Liqui.io 2,eoa,exchange,1,
0xedbb72e6b3cf66a792bff7faac5ea769fe810517,Liquid 1,eoa,exchange,1,
0xdf4b6fb700c428476bd3c02e6fa83e110741145b,Liquid 2,eoa,exchange,1,
0xdb2cad4f306b47c9b35541988c7656f1bb092e15,Liquid 3,eoa,exchange,1,
0x9cc2dce817093ceea82bb67a4cf43131fa354c06,Liquid 4,eoa,exchange,1,
0x243bec9256c9a3469da22103891465b47583d9f1,Livecoin.net,eoa,exchange,1,
0xe03c23519e18d64f144d2800e30e81b0065c48b5,Mercatox,eoa,exchange,1,
0xac338d9faac562df26d702880c796e1024e2698a,MinedTrade.com,eoa,exchange,1,
0x75e89d5979e4f6fba9f97c104c2f0afb3f1dcb88,MXC,eoa,exchange,1,
0x0211f3cedbef3143223d3acf0e589747933e8527,MXC 2,eoa,exchange,1,
0xae7006588d03bd15d6954e3084a7e644596bc251,NEXBIT Pro,eoa,exchange,1,
0x6cc5f688a315f3dc28a7781717a9a798a59fda7b,OKEx,eoa,exchange,1,
0x236f9f97e0e62388479bf9e5ba4889e46b0273c3,OKEx 2,eoa,exchange,1,
0xa7efae728d2936e78bda97dc267687568dd593f3,OKEx 3,eoa,exchange,1,
0x03e3ff995863828554282e80870b489cc31dc8bc,OMGFIN Exchange,eoa,exchange,1,
0xaeec6f5aca72f3a005af1b3420ab8c8c7009bac8,OTCBTC,eoa,exchange,1,
0xcacc694840ecebadd9b4c419e5b7f1d73fedf999,Panda.Exchange 1: Hot Wallet,eoa,exchange,1,
0xb709d82f0706476457ae6bad7c3534fbf424382c,Panda.Exchange 2: Hot Wallet,eoa,exchange,1,
0xbd8ef191caa1571e8ad4619ae894e07a75de0c35,Paribu 1,eoa,exchange,1,
0x2bb97b6cf6ffe53576032c11711d59bd056830ee,Paribu 2,eoa,exchange,1,
0xfb90501083a3b6af766c8da35d3dde01eb0d2a68,Paribu 3,eoa,exchange,1,
0xabc74170f3cb8ab352820c39cc1d1e05ce9e41d3,Paribu 4,eoa,exchange,1,
0x9acbb72cf67103a30333a32cd203459c6a9c3311,Paribu 5,eoa,exchange,1,
0xd4dcd2459bb78d7a645aa7e196857d421b10d93f,Peatio,eoa,exchange,1,
0x32be343b94f860124dc4fee278fdcbd38c102d88,Poloniex,eoa,exchange,1,
0x209c4784ab1e8183cf58ca33cb740efbf3fc18ef,Poloniex 2,eoa,exchange,1,
0xb794f5ea0ba39494ce839613fffba74279579268,Poloniex 3,eoa,exchange,1,
0xa910f92acdaf488fa6ef02174fb86208ad7722ba,Poloniex 4,eoa,exchange,1,
0xaa9fa73dfe17ecaa2c89b39f0bb2779613c5fc3b,Poloniex: BAT,eoa,exchange,1,
0x2fa2bc2ce6a4f92952921a4caa46b3727d24a1ec,Poloniex: BNT,eoa,exchange,1,
0x31a2feb9b5d3b5f4e76c71d6c92fc46ebb3cb1c1,Poloniex: CVC,eoa,exchange,1,
0x6b71834d65c5c4d8ed158d54b47e6ea4ff4e5437,Poloniex: FOAM,eoa,exchange,1,
0x48d466b7c0d32b61e8a82cd2bcf060f7c3f966df,Poloniex: GNO,eoa,exchange,1,
0x0536806df512d6cdde913cf95c9886f65b1d3462,Poloniex: GNT,eoa,exchange,1,
0x8d451ae5ee8f557a9ce7a9d7be8a8cb40002d5cb,Poloniex: KNC,eoa,exchange,1,
0xbd2ec7c608a06fe975dbdca729e84dedb34ecc21,Poloniex: LOOM,eoa,exchange,1,
0xc0e30823e5e628df8bc9bf2636a347e1512f0ecb,Poloniex: MANA,eoa,exchange,1,
0x65f9b2e4d7aaeb40ffea8c6f5844d5ad7da257e0,Poloniex: NXC,eoa,exchange,1,
0x36b01066b7fa4a0fdb2968ea0256c848e9135674,Poloniex: OMG,eoa,exchange,1,
0xab11204cfeaccffa63c2d23aef2ea9accdb0a0d5,Poloniex: REP,eoa,exchange,1,
0x6795cf8eb25585eadc356ae32ac6641016c550f2,Poloniex: SNT,eoa,exchange,1,
0xfbf2173154f7625713be22e0504404ebfe021eae,Poloniex: STORJ,eoa,exchange,1,
0x6f803466bcd17f44fa18975bf7c509ba64bf3825,Poloniex: USDC,eoa,exchange,1,
0xead6be34ce315940264519f250d8160f369fa5cd,Poloniex: ZRX,eoa,exchange,1,
0xd344539efe31f8b6de983a0cab4fb721fc69c547,QuantaEx 1,eoa,exchange,1,
0x5ca39c42f4dee3a5ba8fec3ad4902157d48700bf,QuantaEx 2,eoa,exchange,1,
0x2a048d9a8ffdd239f063b09854976c3049ae659c,QuantaEx 3,eoa,exchange,1,
0xb8cf411b956b3f9013c1d0ac8c909b086218207c,Remitano 1,eoa,exchange,1,
0x2819c144d5946404c0516b6f817a960db37d4929,Remitano 2,eoa,exchange,1,
0x120a270bbc009644e35f0bb6ab13f95b8199c4ad,ShapeShift 1,eoa,exchange,1,
0x9e6316f44baeeee5d41a1070516cc5fa47baf227,ShapeShift 2,eoa,exchange,1,
0x70faa28a6b8d6829a4b1e649d26ec9a2a39ba413,ShapeShift 3,eoa,exchange,1,
0x563b377a956c80d77a7c613a9343699ad6123911,ShapeShift 4,eoa,exchange,1,
0xd3273eba07248020bf98a8b560ec1576a612102f,ShapeShift 5,eoa,exchange,1,
0x3b0bc51ab9de1e5b7b6e34e5b960285805c41736,ShapeShift 6,eoa,exchange,1,
0xeed16856d551569d134530ee3967ec79995e2051,ShapeShift 7,eoa,exchange,1,
0x324cc2c9fb379ea7a0d1c0862c3b48ca28d174a4,SouthXchange,eoa,exchange,1,
0x91f6d99b232153cb655ad3e0d05e13ef505f6cd5,Sparrow Exchange 1,eoa,exchange,1,
0xe855283086fbee485aecf2084345a91424c23954,Sparrow Exchange 2,eoa,exchange,1,
0x9bf25700727d10a857099d1033ce2cc493c3b61a,Streamity: StreamDesk,eoa,exchange,1,
0xa96b536eef496e21f5432fd258b6f78cf3673f74,Switchain,eoa,exchange,1,
0xea3a46bd1dbd0620d80037f70d0bf7c7dc5a837c,TAGZ 1,eoa,exchange,1,
0xed8204345a0cf4639d2db61a4877128fe5cf7599,TAGZ 2,eoa,exchange,1,
0x3613ef1125a078ef96ffc898c4ec28d73c5b8c52,Tidex 1,eoa,exchange,1,
0x0a73573cf2903d2d8305b1ecb9e9730186a312ae,Tidex 2,eoa,exchange,1,
0x0068eb681ec52dbd9944517d785727310b494575,Tokocrypto,eoa,exchange,1,
0xb2cc3cdd53fc9a1aeaf3a68edeba2736238ddc5d,TopBTC,eoa,exchange,1,
0x1119aaefb02bf12b84d28a5d8ea48ec3c90ef1db,Trade.io,eoa,exchange,1,
0x2f1233ec3a4930fd95874291db7da9e90dfb2f03,Uex,eoa,exchange,1,
0x390de26d772d2e2005c6d1d24afc902bae37a4bb,Upbit,eoa,exchange,1,
0xba826fec90cefdf6706858e5fbafcb27a290fbe0,Upbit 2,eoa,exchange,1,
0x5e032243d507c743b061ef021e2ec7fcc6d3ab89,Upbit 3,eoa,exchange,1,
0xb436c96c6de1f50a160ed307317c275424dbe4f2,Vinex,eoa,exchange,1,
0x39f6a6c85d39d5abad8a398310c52e7c374f2ba3,WhiteBIT,eoa,exchange,1,
0xf5bec430576ff1b82e44ddb5a1c93f6f9d0884f3,Yobit.net,eoa,exchange,1,
0xd94c9ff168dc6aebf9b6cc86deff54f3fb0afc33,Yunbi 1,eoa,exchange,1,
0x42da8a05cb7ed9a43572b5ba1b8f82a0a6e263dc,Yunbi 2,eoa,exchange,1,
0x700f6912e5753e91ea3fae877a2374a2db1245d7,Yunbi 3,eoa,exchange,1,
0x60d0cc2ae15859f69bf74dadb8ae3bd58434976b,ZB.com,eoa,exchange,1,
0x111111125434b319222cdbf8c261674adb56f3ae,1inch Network v2,contract,dex,1,
0xdb38ae75c5f44276803345f7f02e95a0aeef5944,1inch v3: Router,contract,dex,1,
0x1111111254fb6c44bac0bed2854e76f90643097d,1inch v4: Router,contract,dex,1,
0x11111254369792b2ca5d084ab5eea397ca8fa48b,1inch.exchange,contract,dex,1,
0xd47140f6ab73f6d6b6675fb1610bb5e9b5d96fe5,1inch.exchange v2: Old Router,contract,dex,1,
0xe069cb01d06ba617bcdf789bf2ff0d5e5ca20c71,1inch.exchange v2: Router,contract,dex,1,
0xe8fff15bb5e14095bfdfa8bb85d83cc900c23c56,AfroDex,contract,dex,1,
0x4572f2554421bd64bef1c22c8a81840e8d496bea,AirSwap,contract,dex,1,
0xc549a5c701cb6e6cbc091007a80c089c49595468,AirSwap: Light,contract,dex,1,
0xa58f22e0766b3764376c92915ba545d583c19dbc,Alchemist Coin: MistX Router,contract,dex,1,
0xfcadf926669e7cad0e50287ea7d563020289ed2c,Alchemist Coin: MistX Router 2,contract,dex,1,
0xdc1882f350b42ac9a23508996254b1915c78b204,Allbit 1,contract,dex,1,
0xff6b1cdfd2d3e37977d7938aa06b6d89d6675e27,Allbit 2,contract,dex,1,
0x0e8ba001a821f3ce0734763d008c9d7c957f5852,AmadeusRelay,contract,dex,1,
0xc898fbee1cc94c0ff077faa5449915a506eff384,Bamboo Relay,contract,dex,1,
0x3c020e014069df790d4f4e63fd297ba4e1c8e51f,Bitcratic,contract,dex,1,
0x39fbd1140cd1fc298f00c3ea64b3591de94c67e7,BitEye 1,contract,dex,1,
0xb5adb233f28c86cef693451b67e1f2d41da97d21,Bitox.io,contract,dex,1,
0xa4dc97a565e2364cdeb4efe38c0f153bccb62b01,BTswap: Router,contract,dex,1,
0xa2b47e3d5c44877cca798226b7b8118f9bfb7a56,Curve.fi: Compound Swap,contract,dex,1,
0x52ea46506b9cc5ef470c5bf89f17dc28bb35d85c,Curve.fi: USDT Swap,contract,dex,1,
0x45f783cce6b7ff23b2ab2d70e416cdb7d6055f51,Curve.fi: y Swap,contract,dex,1,
0x49497a4d914ae91d34ce80030fe620687bf333fd,DDEX 1.0,contract,dex,1,
0xaf8ae6955d07776ab690e565ba6fbc79b8de3a5d,DeversiFi,contract,dex,1,
0x5d22045daceab03b158031ecb7d9d06fad24609b,DeversiFi 2,contract,dex,1,
0x745daa146934b27e3f0b6bff1a6e36b9b90fb131,DEX.AG: Proxy Contract,contract,dex,1,
0x000000000000541e251335090ac5b47176af4f7e,dex.blue,contract,dex,1,
0x7600977eb9effa627d6bd0da2e5be35e11566341,DEx.top,contract,dex,1,
0x268be5667d4e5bd036bd608d0601ef1441604429,DINNGO: Proxy,contract,dex,1,
0x6f400810b62df8e13fded51be75ff5393eaa841f,DXdao: Mesa,contract,dex,1,
0x58a5959a6c528c5d5e03f7b9e5102350e24005f1,ERC dEX,contract,dex,1,
0x4aea7cf559f67cedcad07e12ae6bc00f07e8cf65,EtherDelta 1,contract,dex,1,
0x8d12a197cb00d4747a1fe03395095ce2a5cc6819,EtherDelta 2,contract,dex,1,
0xa5cc679a3528956e8032df4f03756c077c1ee3f4,EtherMium,contract,dex,1,
0x2a0c0dbecc7e4d658f48e01e3fa353f44050c208,IDEX,contract,dex,1,
0xa7a7899d944fe658c4b0a1803bab2f490bd3849e,IDEX 2,contract,dex,1,
0x2cc42d1cd65af27cc999e41ef93d1a763dc821f8,IDT Exchange,contract,dex,1,
0x04f062809b244e37e7fdc21d9409469c989c2342,Joyso,contract,dex,1,
0x4524baa98f9a3b9dec57caae7633936ef96bd708,LedgerDex,contract,dex,1,
0xc692453625023c6e03fec04158ea31ab4de2650a,LocalCoin Dex 1,contract,dex,1,
0x37c4bcaba4bcf3a605414236b8b108f160eb45a6,LocalCoin Dex 2,contract,dex,1,
0x8d1c1571367a148e92d6ac83494b1bdf3b497d07,LocalCoin DEX 3,contract,dex,1,
0x944644ea989ec64c2ab9ef341d383cef586a5777,LoopringDEX: Beta 1,contract,dex,1,
0x881d40237659c251811cec9c364ef91dc08d300c,Metamask: Swap Router,contract,dex,1,
0x51a2b1a38ec83b56009d5e28e6222dbb56c23c22,nDEX Market,contract,dex,1,
0x794e6e91555438afc3ccf1c5076a74f42133d08d,OasisDEX,contract,dex,1,
0xc22d5b2951db72b44cfb8089bb8cd374a3c354ea,OpenRelay,contract,dex,1,
0xd2045edc40199019e221d71c0913343f7908d0d5,Paradex,contract,dex,1,
0x1bd435f3c054b6e901b7b108a0ab7617c808677b,ParaSwap P4,contract,dex,1,
0x9509665d015bfe3c77aa5ad6ca20c8afa1d98989,ParaSwap V2,contract,dex,1,
0xf90e98f3d8dce44632e5020abf2e122e0f99dfab,ParaSwap V3,contract,dex,1,
0xf92c1ad75005e6436b4ee84e88cb23ed8a290988,ParaSwap: Old Contract 3,contract,dex,1,
0xa258b39954cef5cb142fd567a46cddb31a670124,Radar Relay,contract,dex,1,
0x1f0d1de1558582ad6f13763f477119a1455502af,Saturn Network 1,contract,dex,1,
0xaa5bbd5a177a588b9f213505ca3740b444dbd586,Saturn Network 2,contract,dex,1,
0x55890b06f0877a01bb5349d93b202961f8e27a9b,Shark Relay,contract,dex,1,
0x9a2d163ab40f88c625fd475e807bbc3556566f80,SingularX,contract,dex,1,
0x36049d479a97cde1fc6e2a5d2cae30b666ebf92b,Sorbet Finance: Limit Order,contract,dex,1,
0x0681e844593a051e2882ec897ecd5444efe19ff2,Star Bit Ex,contract,dex,1,
0x7ee7ca6e75de79e618e88bdf80d0b1db136b22d0,Switcheo Exchange V2,contract,dex,1,
0x7219612be7036d1bfa933e16ca1246008f38c5fe,The Ocean,contract,dex,1,
0xc145990e84155416144c532e31f89b840ca8c2ce,THORSwap: Router,contract,dex,1,
0x1ce7ae555139c5ef5a57cc8d814a867ee6ee33d8,Token.Store,contract,dex,1,
0x5e150a33ffa97a8d22f59c77ae5487b089ef62e9,TokenJar,contract,dex,1,
0x7839254cff8aafbdc2da66fe709eb8f17ce09fe5,Tokenlon: AMM Quoter,contract,dex,1,
0x904144473fde753dc0729608cfeea6f4a8b275e6,Tokenlon: AMM Wrapper,contract,dex,1,
0xdc6c91b569c98f9f6f74d90f9beff99fdaf4248b,Tokenlon: DEX 1,contract,dex,1,
0x03f34be1bf910116595db1b11e9d1b2ca5d59659,Tokenlon: DEX 2,contract,dex,1,
0x0485c25a5e8d7d0c5676d0e6d3bfc4aa597ba0b0,Tokenlon: Permanent Storage,contract,dex,1,
0x8d90113a1e286a5ab3e496fbd1853f265e5913c6,Tokenlon: PMM,contract,dex,1,
0x77208a6000691e440026bed1b178ef4661d37426,Totle: Primary,contract,dex,1,
0xe592427a0aece92de3edee1f18e0157c05861564,Uniswap V3: Router,contract,dex,1,
0xbd2a43799b83d9d0ff56b85d4c140bce3d1d1c6c,UniswapEX,contract,dex,1,
0xd97d09f3bd931a14382ac60f156c1285a56bb51b,WeDEX: Beta 2,contract,dex,1,
0x31efc4aeaa7c39e54a33fdc3c46ee2bd70ae0a09,xPollinate: Transaction Manager,contract,dex,1,
0xfe842e95f8911dcc21c943a1daa4bd641a1381c6,mStable: BUSD feeder pool,contract,defi,1,
0x4fb30c5a3ac8e85bc32785518633303c4590752d,mStable: GUSD feeder pool,contract,defi,1,
0xb61a6f928b3f069a68469ddb670f20eeeb4921e0,mStable: tBTC feeder pool,contract,defi,1,
0x4069e799da927c06b430e247b2ee16c03e8b837d,666 Mining Pool,eoa,mining,1,
0x11905bd0863ba579023f662d1935e39d0c671933,Comining 1,eoa,mining,1,
0xfa4d8c705fa8a3e781dec89d3a82cf950d15f925,DigiPools 2,eoa,mining,1,
0xd33f2f5b8286ae74eed26f0d32a93bef6e61fd24,Firebird Mining Pool 1,eoa,mining,1,
0x03e75d7dd38cce2e20ffee35ec914c57780a8e29,GPUMINE Pool 1,eoa,mining,1,
0xbcc817f057950b0df41206c5d7125e6225cae18e,Huobi Mining Pool 2,eoa,mining,1,
0x7777788200b672a42421017f65ede4fc759564c8,Krptex Mining 1,eoa,mining,1,
0x776bb566dc299c9e722773d2a04b401e831a6dc8,OKEX Mining Pool 1,eoa,mining,1,
0xcd7b9e2b957c819000b1a8107130f786636c5ccc,Pool2Mine 1,eoa,mining,1,
0x11ca5375adafd6205e41131a4409f182677996e6,SushiSwap: Boring Helper V1,contract,dex,1,
0xd766147bc5a0044a6b4f4323561b162870fcbb48,SushiSwap: Chainlink Oracle V1,contract,dex,1,
0xf73b31c07e3f8ea8f7c59ac58ed1f878708c8a76,SushiSwap: Dev Fund,contract,dex,1,
0x2cba6ab6574646badc84f0544d05059e57a5dc42,SushiSwap: Kashi Pair Medium Risk V1,contract,dex,1,
0xc2edad668740f1aa35e4d8f227fb8e17dca888cd,SushiSwap: MasterChef LP Staking Pool,contract,dex,1,
0xcbe6b83e77cdc011cc18f6f0df8444e5783ed982,SushiSwap: Merkle Distributor,contract,dex,1,
0x6cbfbb38498df0e1e7a4506593cdb02db9001564,SushiSwap: Pegged Oracle V1,contract,dex,1,
0xd9e1ce17f2641f24ae83637ab66a2cca9c378b9f,SushiSwap: Router,contract,dex,1,
0x66f03b0d30838a3fee971928627ea6f59b236065,SushiSwap: Simple SLP TWAP0 Oracle V1,contract,dex,1,
0x0d51b575591f8f74a2763ade75d3cdcf6789266f,SushiSwap: Simple SLP TWAP1 Oracle V1,contract,dex,1,
0x6b3595068778dd592e39a122f4f5a5cf09c90fe2,SushiSwap: SUSHI Token,contract,dex,1,
0x1766733112408b95239ad1951925567cb1203084,SushiSwap: SushiSwap Swapper V1,contract,dex,1,
0x088ee5007c98a9677165d78dd2109ae4a3d04d0c,SushiSwap: YFI,contract,dex,1,